"Cleanup ID",Zone,State,Country,Latitude,Longitude,"Cleanup Type",Environment,"Cleanup Date","Group Name",Adults,Children,People,Pounds,"Distance mi","Area mi","# of bags","Grocery bags (plastic)","Other bags (plastic)","Beverage bottles (glass)","Beverage bottles (plastic)","Beverage cans","Beverage sachets/pouches","Bottle caps (metal)","Bottle caps (plastic)","Cigarette butts","Cups, Plates (foam)","Cups, Plates (paper)","Cups, Plates (plastic)","Food containers (foam)","Food containers (plastic)","Food wrappers (candy, chips, etc.)","Lids (plastic)","Straws/stirrers (plastic)","Utensils (plastic)","Lines, nets, traps, ropes, etc.","Foam dock pieces","Appliances (refrigerators, washers, etc.)","Construction materials",Tires,"6-Pack holders","Foam packaging","Other plastic bottles (oil, bleach, etc.)","Strapping bands",Balloons,Clothing,E-cigarettes,"Electronic waste (phones, batteries)","Footwear (shoes/slippers)","Paper bags","Tobacco products (lighters, cigar tips, wrap)",Toys,"Other plastic waste","Other waste (metal, paper, etc.)",Condoms,"Cotton bud sticks (swabs)",Diapers,"Gloves & masks (PPE)",Syringes,"Tampons & applicators","Plastic/foam pieces","Fishing buoys, pots & traps","Fishing net & pieces","Fishing line (1 yard/meter = 1 piece)","Rope (1 yard/meter = 1 piece)","Other plastic/foam packaging","Tobacco packaging/wrap","Cigar tips","Cigarette lighters",Fireworks,"Other tobacco (packaging, lighter, etc.)","Foam pieces","Glass pieces","Plastic pieces","Total Items Collected"
160727,"Loire-Atlantique, France","Pays de la Loire, France",France,47.26859,-2.21924,land,,2021-03-08,,1,,1,0.14,0.01,0.00,,1,,,,,,,,1,,,,,,,,,,,,,,,,,,,,,,,,,,,,,,,,,,,,,,,,,,,,,,,,,5
163568,"Rhône, France","Auvergne-Rhône-Alpes, France",France,45.75218,4.85215,land,,2021-03-31,,1,,1,0.16,0.01,0.00,,,,,,,,,,,,,,,2,1,,,,,,,,,,,,,,,,,,,,,,,,,,1,,,,,,,,,,,,,,,,,4
170177,"Finistere, France","Brittany, France",France,48.52067,-4.0684,land,,2021-05-11,Mowi,1,,1,0.85,0.01,0.00,,,,,,,,,,,,,,,,,,,,,,,,,,,,,,,,,,,,,,,,,,,,,,,,,,,,,,,,,,,
171225,"Gironde, France","Nouvelle-Aquitaine, France",France,44.66298,-1.18428,land,,2021-05-25,,1,,1,0.01,0.12,0.00,,,,,,,,,,,,,,,,,,,,,,,,,,,,,,,,,,,,,,,,,,,,,,,,,,,,,,,,,,,
171799,,,France,44.66296,-1.1841,land,,2021-05-31,,1,,1,0.17,0.82,0.00,,,,,,,,,,3,,,,,,,1,1,1,,,,,,,,,,1,,,,,,,,,,,,,,,,,,,,,,,,,,,,,,9
173598,"Bouches-du-Rhone, France","Provence-Alpes-Côte d'Azur, France",France,43.3015,5.44482,watercraft,,2021-06-18,,1,,1,0.04,0.01,0.00,,2,,,,,,,,1,,,,,,,,,,,,,,,,,,,,,,,,,,,,,,,,,,,,,,,,,,,,,,,,,3
177950,"Landes, France","Nouvelle-Aquitaine, France",France,44.44382,-1.25527,land,,2021-08-04,,2,,2,3.06,0.01,0.00,,1,,2,4,2,1,,4,22,,,,,5,4,,2,3,,,,,,,,,2,,,,,,,,,,,,,,3,,,,,,,,,,,,,,,,6,71
178444,"Hauts-de-Seine, France","Île-de-France, France",France,48.89968,2.30428,land,,2021-08-11,,1,,1,0.02,0.00,0.00,,,,,,,,,,,,,1,,,,,,,,,,,,,,,,,,,,,,,,,,,,,,,,,,,,,,,,,,,,,,1
178868,"Seine-Saint-Denis, France","Île-de-France, France",France,48.93136,2.35373,land,,2021-08-17,"EMEA Sales engineers",1,,1,6.63,0.03,0.00,,4,,2,8,,5,,3,6,,,2,3,,4,,,,,,,3,,,,,,,,,,,,,,,,,,,10,,,,,,,,,,,,,2,,,5,74
178870,"Pas-de-Calais, France","Hauts-de-France, France",France,50.5198711,1.5862563,land,,2021-08-17,"Equinix Community Cleanup",1,,1,15.00,0.00,0.00,2,,,,,,,,,,,,,,,,,,,,,,,,,,,,,,,,,,,,,,,,,,,,,,,,,,,,,,,,,,
178919,"Paris, France","Île-de-France, France",France,48.85476,2.29415,land,,2021-08-18,"Equinix Community Cleanup",1,,1,12.18,0.04,0.00,,20,,9,20,,2,,3,10,,,,2,,13,,,,,,,5,,,,,,,,,,,,,,,,,,,7,,,,,,,,,,,,,,,,15,116
178993,"Val-d'Oise, France","Île-de-France, France",France,49.09483,2.50099,land,,2021-08-16,2,13,,13,"1,151.39",0.03,0.00,,50,,50,50,50,50,50,50,50,,,50,40,50,50,50,50,50,,,,50,50,,,,50,50,,50,,,,,50,,,,,,50,,,,,,,,,,,,,50,,,50,1390
179630,"Moselle, France","Grand Est, France",France,49.16646,6.94553,land,,2021-08-25,,1,,1,0.01,0.01,0.00,,,,,,,,,,,,,,,,,,,,,,,,,,,,,,,,,,,,,,,,,,,,,,,,,,,,,,,,,,,
180758,"Val-d'Oise, France","Île-de-France, France",France,48.98062,2.33855,land,,2021-09-02,Equinix,1,,1,0.01,0.61,0.00,,,,,,,,,,,,,,,,,,,,,,,,,,,,,,,,,,,,,,,,,,,,,,,,,,,,,,,,,,,
181330,"Haute-Savoie, France","Auvergne-Rhône-Alpes, France",France,46.01308,6.17571,land,,2021-09-08,,1,,1,0.10,0.03,0.00,,,,,,,,,,,,,,,,2,,,,,,,,,,,,,,,,,,,,,,,,,,,,,,,,,,,,,,,,,,,3
181453,"Var, France","Provence-Alpes-Côte d'Azur, France",France,43.42817,6.76569,land,,2021-09-08,,1,,1,20.08,0.01,0.00,,1,,,1,,,,,,,,,,,,,,,,,,,1,,,,,,,,,,,,,,,,,,,,,,,,,,,,,,,,,,1,4
181676,"Val-d'Oise, France","Île-de-France, France",France,48.98078,2.33846,land,,2021-09-09,Equinix,2,,2,6.96,0.00,0.00,,27,,,29,37,,,,23,,,,,4,5,,,,,,,,,,,,,,,,,,,,,,,,,,41,,,,,,,,,,,,,19,,,12,216
182412,"Meuse, France","Grand Est, France",France,49.21715,5.64687,land,,2021-09-08,,1,,1,0.01,0.00,0.00,,,,,,,,,,,,,,,,,,,,,,,,,,,,,,,,,,,,,,,,,,,,,,,,,,,,,,,,,,,
182662,"Paris, France","Île-de-France, France",France,48.87421,2.3392,land,,2021-09-09,"D Les Essentiels",1,,1,0.01,0.00,0.00,,,,,,,,,,2,,,,,,,,,,,,,,,,,,,,,,,,,,,,,,,,,,,,,,,,,,,,,,,,,2
182743,"Ardennes, France","Grand Est, France",France,49.84098,4.60092,land,,2021-09-13,Bouteille,1,,1,0.05,0.00,0.00,,,,,1,,,,,,,,,,,,,,,,,,,,,,,,,,,,,,,,,,,,,,,,,,,,,,,,,,,,,,1
182833,"Yvelines, France","Île-de-France, France",France,48.72119,2.0803,land,,2021-09-13,,1,,1,0.41,0.34,0.00,,1,,,,,,,,,,,,,,,,,,,,,,,,,,,,,,,,,,,,,,,,2,,,,,,,,,,,,,,,,1,7
183459,"Mayenne, France","Pays de la Loire, France",France,48.061157226562,-0.79238188266754,land,,2021-09-15,Habitant,1,,1,7.50,0.00,0.00,1,,,,,,,,,,,,,,,,,,,,,,,,,,,,,,,,,,,,,,,,,,,,,,,,,,,,,,,,,,
183948,"Puy-de-Dome, France","Auvergne-Rhône-Alpes, France",France,45.74555,3.06104,land,,2021-09-17,,1,,1,0.44,0.01,0.00,,2,,,4,,,,,,,,,,1,1,,,,,,,,,,,,,,,,,,,,,,,,,,,,,,,,,,,,,,,,,,,9
183950,"Loiret, France","Centre-Val de Loire, France",France,48.06493,2.05248,land,,2021-09-17,"Garnier France",1,,1,0.02,0.00,0.00,,1,,,,,,,,,,,,,,,,,,,,,,,,,,,,,,,,,,,,,,,,,,,,,,,,,,,,,,,,,1
183952,"Paris, France","Île-de-France, France",France,48.87508,2.34369,land,,2021-09-17,"Garnier DMI",1,,1,0.01,0.00,0.00,,,,,,,,,,,,,,,,,,,,,,,,,,,,,,,,,,,,,,,,,,1,,,,,,,,,,,,,,,,,1
183953,"Haute-Saône, France","Bourgogne-Franche-Comté, France",France,47.72866,6.54016,land,,2021-09-14,"Garnier France",1,,1,0.49,0.00,0.00,,,,,,,,2,,7,,,,4,2,,,,,,,,,,,,,,,,,,,,,,,,,,,7,,,,,,,,,,,,,,,,,22
183956,"Haute-Saône, France","Bourgogne-Franche-Comté, France",France,47.72866,6.54016,land,,2021-09-17,"Garnier France",1,,1,0.33,0.01,0.00,,1,,,,,,,,8,,,,2,,,,,,,,,,,,,,,,,,,,,,,,,,,,2,,,,,,,,,,,,,,,,,14
183970,"Territoire de Belfort, France","Bourgogne-Franche-Comté, France",France,47.71046,6.92518,land,,2021-09-17,,1,,1,6.15,0.80,0.00,,3,,8,10,,,6,3,5,,,3,1,5,1,2,3,5,,,,,,,,,,,,1,,,,,,,,,,,5,,,,,,,,,,,,,1,,,10,79
184007,"Seine-et-Marne, France","Île-de-France, France",France,48.8455302,2.5850086,land,,2021-09-17,"One Bubble At aTime",1,,1,26.50,0.00,0.00,5,,,,,,,,,,,,,,,,,,,,,,,,,,,,,,,,,,,,,,,,,,,,,,,,,,,,,,,,,,
184308,"Aube, France","Grand Est, France",France,48.28329,4.02957,land,,2021-09-18,,1,,1,2.85,0.01,0.00,,3,,,6,3,,,,12,,,1,1,3,3,,3,,,,,1,,,,,,,,,,,,,2,,,,,,5,,,,,,,,,,,,,,,,,44
184417,"Var, France","Provence-Alpes-Côte d'Azur, France",France,43.74342,6.17522,land,,2021-09-18,,1,,1,2.85,0.06,0.00,,1,,,1,,,,,2,,,,,,1,,,,,,,3,,,,,,,,,,,,,,,,,,,,,,,,,,,,,,,,,,,7,17
189058,"Mayenne, France","Pays de la Loire, France",France,48.0619,-0.79719,land,,2021-09-15,Habitant,10,,10,0.24,0.01,0.00,,,,,3,,,5,,10,,,,,,,,,,,,,,,,,,,1,,,,,,,,,,,,,1,,,,,,,,,,,,,,,,,20
189097,"Var, France","Provence-Alpes-Côte d'Azur, France",France,43.43291,5.85849,land,,2021-09-18,,1,,1,0.60,0.00,0.00,,,,1,1,1,,,,,,,,,,,,,,,,,,,,,,,,,,,,,,,,,,,,1,,,,,,,,,,,,,,,,,4
189122,"Rhône, France","Auvergne-Rhône-Alpes, France",France,45.82271,4.86873,land,,2021-09-18,,4,,4,0.31,0.00,0.00,,,,,1,1,,1,,2,,,,,,3,,,,,,,,,,,,,,,,,,,,,,,,,,1,,,,,,,,,,,,,,,,,10
189219,"Var, France","Provence-Alpes-Côte d'Azur, France",France,43.4329,5.85849,land,,2021-09-19,,1,,1,0.67,0.00,0.00,,,,1,1,2,,,,,,,,,,1,,,,,,,,,,,,,,,,,,,,,,,,,,2,,,,,,,,,,,,,,,,,7
189750,"Yvelines, France","Île-de-France, France",France,48.80919,2.14577,land,,2021-09-20,Garnier,1,,1,0.07,0.01,0.00,,,,,,,,,,3,,,,,,1,,,,,,,,,,,,,,,,,,,,,,,,,,2,,,,,,,,,,,,,,,,,6
189837,"Paris, France","Île-de-France, France",France,48.87999,2.30873,land,,2021-09-21,"GARNIER DMI",1,,1,0.01,0.02,0.00,,,,,,,,,,,,,,,,,,,,,,,,,,,,,,,,,,,,,,,,,,,,,,,,,,,,,,,,,,,
189863,"Charente, France","Nouvelle-Aquitaine, France",France,45.68006,0.16562,land,,2021-09-18,"GARNIER France",1,,1,0.01,0.00,0.00,,,,,,,,,,,,,,,,,,,,,,,,,,,,,,,,,,,,,,,,,,,,,,,,,,,,,,,,,,,
189909,"Val-de-Marne, France","Île-de-France, France",France,48.76673,2.53585,land,,2021-09-17,,1,,1,0.01,0.00,0.00,,,,,,,,,,,,,,,,,,,,,,,,,,,,,,,,,,,,,,,,,,,,,,,,,,,,,,,,,,,
189913,"Loire-Atlantique, France","Pays de la Loire, France",France,47.23893,-1.58515,land,,2021-09-17,,1,,1,0.01,0.01,0.00,,,,,,,,,,,,,,,,,,,,,,,,,,,,,,,,,,,,,,,,,,,,,,,,,,,,,,,,,,,
189989,"Paris, France","Île-de-France, France",France,48.87965,2.30881,land,,2021-09-21,1,10,,10,0.01,0.01,0.00,,,,,,,,,,2,,,,,,,,,,,,,,,,,,,,,,,,,,,,,,,,,,,,,,,,,,,,,,,,,2
189991,"Paris, France","Île-de-France, France",France,48.87977,2.30927,land,,2021-09-21,"Garnier DMI team 10",10,,10,0.01,0.04,0.00,,,,,,,,,,,,,,,,,,,,,,,,,,,,,,,,,,,,,,,,,,,,,,,,,,,,,,,,,,,
189992,"Paris, France","Île-de-France, France",France,48.88025,2.30917,land,,2021-09-21,"Garnier DMI - Team3",8,,8,0.01,0.42,0.00,,,,,,,,,,,,,,,,,,,,,,,,,,,,,,,,,,,,,,,,,,,,,,,,,,,,,,,,,,,
189993,"Paris, France","Île-de-France, France",France,48.87993,2.30929,land,,2021-09-21,"Garnier DMI team 9",9,,9,0.01,0.40,0.00,,,,,,,,,,,,,,,,,,,,,,,,,,,,,,,,,,,,,,,,,,,,,,,,,,,,,,,,,,,
189994,"Paris, France","Île-de-France, France",France,48.87962,2.30879,land,,2021-09-21,4,8,,8,0.01,0.47,0.00,,,,,,,,,,1,,,,,,,,,,,,,,,,,,,,,,,,,,,,,,,,,,,,,,,,,,,,,,,,,1
189997,"Paris, France","Île-de-France, France",France,48.87937,2.30727,land,,2021-09-21,"DMI GARNIER /team 3&4",8,,8,51.29,1.55,0.00,,31,,20,34,37,2,6,3,191,,,20,3,13,39,2,1,2,,,,1,1,,,,3,,,,,,,,,,,,,,66,,,,,,,,,,,,,13,,,102,690
189998,"Paris, France","Île-de-France, France",France,48.87979,2.30769,land,,2021-09-21,"Garnier DMI Team 5",10,,10,41.00,1.77,0.00,,23,,4,29,25,16,19,33,62,,,43,21,32,24,34,28,7,,,,2,1,,,,4,,,1,,,,,7,,,,,,24,,,,,,,,,,,,,19,,,20,519
189999,"Paris, France","Île-de-France, France",France,48.88042,2.30894,land,,2021-09-21,"Garnier DMI Team 7",10,,10,60.75,1.44,0.00,,19,,1,9,5,1,4,,125,,,1,3,9,25,1,5,2,,,,7,2,,,,11,,,3,,,,,,,,,,,27,,,,,,,,,,,,,17,,,8,373
190000,"Paris, France","Île-de-France, France",France,48.87991,2.30888,land,,2021-09-21,"Garnier DMI team 7",10,,10,19.13,1.08,0.00,,9,,2,31,28,9,2,18,221,,,3,3,18,23,3,6,2,,,,,,,,,,2,,,,,,,,,,,,,54,,,,,,,,,,,,,25,,,40,590
190003,"Paris, France","Île-de-France, France",France,48.88045,2.30948,land,,2021-09-21,"Garnier DMI TEAM 7",10,,10,0.01,0.00,0.00,,,,,,,,,,,,,,,,,,,,,,,,,,,,,,,,,,,,,,,,,,,,,,,,,,,,,,,,,,,
190005,"Paris, France","Île-de-France, France",France,48.8798,2.30857,land,,2021-09-21,"Garnier DMI 2",6,,6,52.82,0.02,0.00,,13,,,35,52,13,23,7,712,,,37,10,21,94,4,4,9,,,,9,,,,,7,2,,,,,,,27,,,,,,71,,,,,,,,,,,,,34,,,45,1372
190006,"Paris, France","Île-de-France, France",France,48.87976,2.3086,land,,2021-09-21,"Garnier DMI - Team1",1,,1,33.83,0.05,0.00,,39,,3,13,11,10,7,12,225,,,14,3,27,65,5,3,5,,,,17,,,,,28,,,,,,,,,,,,,,54,,,,,,,,,,,,,13,,,15,653
190007,"Paris, France","Île-de-France, France",France,48.87995,2.30897,land,,2021-09-21,"Garnier Team 1",11,,11,44.45,1.91,0.00,,5,,1,17,15,5,8,4,690,,,5,1,9,3,,1,2,,,,14,,,,,2,3,,,,,,,4,,,,,,31,,,,,,,,,,,,,15,,,82,1102
190008,"Paris, France","Île-de-France, France",France,48.87971,2.30863,land,,2021-09-21,"Garnier Team 1",11,,11,48.50,0.00,0.00,,3,,1,11,6,,7,1,865,,,4,2,7,,2,2,1,,,,,,,,,1,,,,,,,,1,,,,,,33,,,,,,,,,,,,,,,,20,1318
190009,"Paris, France","Île-de-France, France",France,48.87962,2.30857,land,,2021-09-21,"Garnier DMI team 8",9,,9,30.22,0.31,0.00,,3,,5,13,23,4,16,6,553,,,2,1,4,10,3,3,3,,,,7,,,,,7,7,,2,,,,,,,,,,,13,,,,,,,,,,,,,10,,,55,877
190010,"Paris, France","Île-de-France, France",France,48.87975,2.30856,land,,2021-09-21,"Garnier DMI team 8",10,,10,82.98,0.02,0.00,,9,,8,15,26,1,32,20,1113,,,8,2,5,7,1,1,6,,,,27,1,,,,10,4,,,,,,,,,,,,,13,,,,,,,,,,,,,12,,,94,1624
190027,"Yvelines, France","Île-de-France, France",France,48.80932,2.14576,land,,2021-09-21,"Garnier France",1,,1,0.13,0.00,0.00,,,,,1,,,,,4,,,,,,,,,,,,,,,,,,,,,,,,,,,,,,,,2,,,,,,,,,,,,,1,,,,8
190039,"Paris, France","Île-de-France, France",France,48.87963,2.30872,land,,2021-09-21,"Garnier DMI",8,,8,3.76,0.04,0.00,,3,,,,1,6,5,1,108,,,,,,4,,,4,,,,3,,,,,,,,,,,,,,,,,,,,,,,,,,,,,,,,2,,,5,143
192162,"Essonne, France","Île-de-France, France",France,48.71736907959,2.240044593811,land,,2021-09-22,,1,,1,1.00,0.00,0.00,1,,,,,,,,,,,,,,,,,,,,,,,,,,,,,,,,,,,,,,,,,,,,,,,,,,,,,,,,,,
192172,"Pyrénées-Atlantiques, France","Nouvelle-Aquitaine, France",France,43.33985,-0.26017,land,,2021-09-22,"Garnier France",1,,1,1.01,0.07,0.00,,2,,1,3,1,2,1,1,11,,,,,1,3,1,,,,,,,,,,,,,,,,,,,,,,,,,2,,,,,,,,,,,,,,,,2,31
192258,"Nord, France","Hauts-de-France, France",France,50.71054,3.16134,land,,2021-09-22,,1,,1,1.55,0.21,0.00,,2,,,9,,2,,2,8,,,3,,4,6,1,,,,,,,,,,,2,,,,,,,,,,,,,,4,,,,,,,,,,,,,,,,6,53
192268,"Paris, France","Île-de-France, France",France,48.86407,2.23896,land,,2021-09-22,"Garnier France marine",115,,115,17.80,2.54,0.00,,13,,5,41,24,1,11,1,198,,,10,6,21,29,3,2,,,,,,,,,,2,,,,,,,,,,,,,,34,,,,,,,,,,,,,7,,,21,493
192289,"Yvelines, France","Île-de-France, France",France,48.80929,2.1458,land,,2021-09-22,"Garnier France",1,,1,0.14,0.02,0.00,,,,,,,,,,11,,,,,,1,,,,,,,,,,,,1,,,,,,,,,,,,,,2,,,,,,,,,,,,,,,,2,17
192363,"Indre-et-Loire, France","Centre-Val de Loire, France",France,47.38253,0.71037,land,,2021-09-19,,1,,1,0.02,0.01,0.00,,,,,,,,,,1,,,,,,,,,,,,,,,,,,,1,,,,,,,,,,,,,,,,,,,,,,,,,,,,,,3
192401,"Nord, France","Hauts-de-France, France",France,50.31575,3.37113,underwater,,2021-09-23,Denain,1,,1,1.33,0.02,0.00,,1,,1,1,,,1,1,,,,1,,1,1,,1,,,,,,,,,,,,,,,,,,1,,,,,,1,,,,,,,,,,,,,,,,1,13
192402,"Nord, France","Hauts-de-France, France",France,50.3157796,3.3711284,underwater,,2021-09-23,Denain,1,,1,5.00,0.00,0.00,1,,,,,,,,,,,,,,,,,,,,,,,,,,,,,,,,,,,,,,,,,,,,,,,,,,,,,,,,,,
192406,"Nord, France","Hauts-de-France, France",France,50.31582,3.37111,land,,2021-09-23,Denain,3,,3,4.05,0.00,0.00,,5,,4,10,,6,10,,10,,,4,5,3,,,,3,,,,,,,,,,,,,,,,,,,,,,,2,,,,,,,,,,,,,3,,,,70
192407,"Nord, France","Hauts-de-France, France",France,50.31581,3.37112,land,,2021-09-23,Denain,3,,3,3.47,0.02,0.00,,2,,5,6,,2,5,,,,,1,2,1,2,,,,,,,,,,,,,,,,,,,,,,,,,,,,,,,,,,,,,,,,,,5,33
192414,"Val-de-Marne, France","Île-de-France, France",France,48.79611,2.34667,watercraft,,2021-09-23,,1,,1,40.00,0.01,0.00,,,,,,,,,,,,,,,,,,,,,,,,2,,,,,,,,,,,,,,,,,,,,,,,,,,,,,,,,,,,2
192471,"Nord, France","Hauts-de-France, France",France,50.63601,2.70827,land,,2021-09-23,"GARNIER France",2,,2,0.23,0.00,0.00,,,,,1,,,1,,1,,,,1,1,,,,,,,,,,,,,,,,,,,,,,,,,,,1,,,,,,,,,,,,,1,,,1,8
192591,"Hauts-de-Seine, France","Île-de-France, France",France,48.92252,2.2602,land,,2021-09-20,,1,,1,0.01,0.01,0.00,,,,,,,,,,2,,,,,,,,,,,,,,,,,,,,,,,,,,,,,,,,,,,,,,,,,,,,,,,,,2
192612,"Bouches-du-Rhone, France","Provence-Alpes-Côte d'Azur, France",France,43.25488,5.56307,land,,2021-09-23,"Garnier France",1,,1,0.25,0.01,0.00,,,,,,1,,1,,6,,,,,2,1,,,,,,,,,,,,,,,,,,,,,,,,,,3,,,,,,,,,,,,,,,,,14
192702,"Loiret, France","Centre-Val de Loire, France",France,47.91363,1.91921,land,,2021-09-24,Garnier,1,,1,0.42,0.01,0.00,,1,,,1,1,,1,,2,,,,,,,,,,,,,,,,,,,,,,,,,,,,,,,,2,,,,,,,,,,,,,,,,,12
192704,"Loiret, France","Centre-Val de Loire, France",France,47.91366,1.91927,land,,2021-09-24,"Garnier France",1,,1,1.04,0.01,0.00,,2,,1,2,,,3,,3,,,,,1,,,,,,,,,,,,,,,,,,,,,,,,,,,2,,,,,,,,,,,,,,,,,18
192763,"Yvelines, France","Île-de-France, France",France,48.7151,1.89253,land,,2021-09-24,"GARNIER France",1,,1,0.01,0.00,0.00,,,,,,,,,,,,,,,,,,,,,,,,,,,,,,,,,,,,,,,,,,,,,,,,,,,,,,,,,,,
192770,"Yvelines, France","Île-de-France, France",France,48.71501,1.89268,land,,2021-09-24,"GARNIER France",1,,1,5.90,0.15,0.00,,18,,1,23,10,,3,25,19,,,5,10,18,20,,13,10,,,,,,,,,,,,,,,,,1,,,,,,24,,,,,,,,,,,,,,,,11,212
192798,"Bouches-du-Rhone, France","Provence-Alpes-Côte d'Azur, France",France,43.25487,5.56308,land,,2021-09-24,"Garnier France",1,,1,0.19,0.00,0.00,,1,,,,1,,,,6,,,,,,1,,,,,,,,,,,,,,,,,,,,,,,,,,5,,,,,,,,,,,,,,,,2,16
192857,"Haute-Vienne, France","Nouvelle-Aquitaine, France",France,45.87372,1.29062,land,,2021-09-25,,2,,2,0.05,0.01,0.00,,,,,1,,,,,,,,,,,,,,,,,,,,,,,,,,,,,,,,,,,,,,,,,,,,,,,,,,,,,,1
192871,"Paris, France","Île-de-France, France",France,48.87999,2.30873,land,,2021-09-21,"GARNIER DMI",1,,1,0.01,0.02,0.00,,,,,,,,,,,,,,,,,,,,,,,,,,,,,,,,,,,,,,,,,,,,,,,,,,,,,,,,,,,
192874,"Paris, France","Île-de-France, France",France,48.87967,2.30856,land,,2021-09-21,4,10,,10,0.02,0.01,0.00,,,,,,,,,,1,,,,,,,,,2,,,,,,,,,2,,,,,,,,,,,,,,,,,,,,,,,,,,,,,,,5
192875,"Paris, France","Île-de-France, France",France,48.87964,2.30861,land,,2021-09-21,"Garnier DMI",1,,1,0.01,0.00,0.00,,,,,,,,,,,,,,,,,,,,,,,,,,,,,,,,,,,,,,,,,,,,,,,,,,,,,,,,,,,
192877,"Paris, France","Île-de-France, France",France,48.88011,2.30804,land,,2021-09-21,2,8,,8,0.01,0.04,0.00,,,,,,,,,,,,,,,,,,,,,,,,,,,,,,,,,,,,,,,,,,1,,,,,,,,,,,,,,,,,1
192878,"Paris, France","Île-de-France, France",France,48.87966,2.30864,land,,2021-09-21,"L’Oréal Dmi groupe 2",7,,7,0.01,0.00,0.00,,,,,,,,,,,,,,,,,,,,,,,,,,,,,,,,,,,,,,,,,,,,,,,,,,,,,,,,,,,
192879,"Paris, France","Île-de-France, France",France,48.87965,2.3087,land,,2021-09-21,"GARNIER DMI",1,,1,2.25,0.16,0.00,,,,,,,1,,,37,,,7,,,6,,,,,,,,1,,,,,,,,,,,,,,,,,,3,,,,,,,,,,,,,1,,,8,78
192882,"Paris, France","Île-de-France, France",France,48.88076,2.31224,land,,2021-09-21,"L'Oréal 6",10,,10,0.01,0.01,0.00,,,,,,,,,,,,,,,,,,,,,,,,,,,,,,,,,,,,,,,,,,,,,,,,,,,,,,,,,,,
192883,"Paris, France","Île-de-France, France",France,48.87988,2.30932,land,,2021-09-21,6,1,,1,98.48,2.07,0.00,,8,,,14,15,7,41,23,266,,,12,1,25,26,,3,2,,,,3,4,,,,7,1,,1,,,,,2,,,,,,25,,,,,,,,,,,,,9,,,195,747
192884,"Paris, France","Île-de-France, France",France,48.87965,2.30859,land,,2021-09-21,"Garnier DMI Team 9",10,,10,55.89,0.01,0.00,,10,,2,12,17,,1,1,120,,,8,2,2,24,6,,3,,,,10,1,,,,5,2,,,,,,,,,,,,,35,,,,,,,,,,,,,7,,,110,565
192885,"Paris, France","Île-de-France, France",France,48.87958,2.30864,land,,2021-09-21,"Garnier DMI Team 8",8,,8,0.01,0.00,0.00,,,,,,,,,,,,,,,,,,,,,,,,,,,,,,,,,,,,,,,,,,,,,,,,,,,,,,,,,,,
192886,"Paris, France","Île-de-France, France",France,48.8797,2.30858,land,,2021-09-21,"GARNIER DMI",9,,9,0.01,0.01,0.00,,,,,,,,,,,,,,,,,,,,,,,,,,,,,,,,,,,,,,,,,,,,,,,,,,,,,,,,,,,
192971,"Haute-Vienne, France","Nouvelle-Aquitaine, France",France,45.87358,1.29039,land,,2021-09-25,,3,,3,0.01,0.03,0.00,,,,,,,,,,,,,,,,,,,,,,,,,,,,,,,,,,,,,,,,,,,,,,,,,,,,,,,,,,,
192973,"Haute-Vienne, France","Nouvelle-Aquitaine, France",France,45.87052,1.28955,land,,2021-09-25,,3,,3,0.81,0.08,0.00,,,,,6,,,1,1,6,,,1,,2,3,,,,,,,,,,,,,,,,,,,,,,,,,,9,,,,,,,,,,,,,,,,14,43
192976,"Seine-Maritime, France","Normandy, France",France,49.71052,0.40024,land,,2021-09-25,,1,,1,0.02,0.00,0.00,,,,,,,,,,2,,,,,,,,,,,,,,,,,,,,,,,,,,,,,,,,,,,,,,,,,,,,,,,,1,3
193120,"Seine-Saint-Denis, France","Île-de-France, France",France,48.88143,2.46264,land,,2021-09-25,,1,,1,0.70,0.01,0.00,,1,,1,1,1,,,,1,,,1,,,,,1,1,,,,,,,,,,1,,,,,,,,,,,,,,,,,,,,,,,,,,,,,1,11
193124,"Seine-Saint-Denis, France","Île-de-France, France",France,48.88127,2.46247,land,,2021-09-25,,1,,1,4.67,0.01,0.00,,3,,4,3,1,1,,1,3,,,2,1,1,1,,2,2,,,,1,,,,,1,1,,,,,,,1,,,,,,2,,,,,,,,,,,,,1,,,,36
193138,"Finistere, France","Brittany, France",France,48.2333,-4.44173,land,,2021-09-25,"Garnier France",5,,5,11.87,0.00,0.00,,2,,3,3,1,6,3,5,2,,,,,3,5,2,,1,,,,4,,,,,2,1,,,,,,,,,,,,,1,,,,,,,,,,,,,2,,,4,67
193141,"Seine-Saint-Denis, France","Île-de-France, France",France,48.8814,2.46263,land,,2021-09-25,,1,,1,1.68,0.00,0.00,,2,,,4,2,2,,1,3,,,2,,1,1,,3,1,,,,,,,,,,1,,,,,,,1,,,,,,3,,,,,,,,,,,,,,,,,31
193286,"Bouches-du-Rhone, France","Provence-Alpes-Côte d'Azur, France",France,43.25493,5.563,land,,2021-09-25,"Garnier France",1,,1,0.18,0.02,0.00,,,,,1,,,,,3,,,,,,2,,,,,,,,,,,,,,,,,,,,,,,,,,3,,,,,,,,,,,,,,,,2,11
193289,"Val-d'Oise, France","Île-de-France, France",France,49.0221,2.02911,land,,2021-09-25,,1,,1,2.04,0.02,0.00,,,,,1,,,1,,1,,,,1,,,2,,,,,,2,,,,,1,1,,,,,,,,,,,,,2,,,,,,,,,,,,,,,,5,18
193305,"Gard, France","Occitanie, France",France,43.75872,4.14294,land,,2021-09-25,,1,,1,0.01,0.00,0.00,,,,,,,,,,,,,,,,,,,,,,,,,,,,,,,,,,,,,,,,,,,,,,,,,,,,,,,,,,,
193386,"Nord, France","Hauts-de-France, France",France,50.63656,2.7075,land,,2021-09-21,"GARNIER France",1,,1,0.01,0.01,0.00,,,,,,,,,,1,,,,,,,,,,,,,,,,,,,,,,,,,,,,,,,,,,,,,,,,,,,,,,,,,1
193389,"Loire, France","Auvergne-Rhône-Alpes, France",France,46.12001,4.23982,land,,2021-09-22,,1,,1,1.08,0.00,0.00,,,,1,,,,,1,2,,,,,,,,,,,,,1,,,,,,,,,,,,,,,,,,,1,,,,,,,,,,,,,,,,,7
193409,"Val-d'Oise, France","Île-de-France, France",France,48.94836,2.20833,land,,2021-09-22,,1,,1,0.01,0.01,0.00,,,,,,,,,,,,,,,,,,,,,,,,,,,,,,,,,,,,,,,,,,,,,,,,,,,,,,,,,,,
193429,"Nord, France","Hauts-de-France, France",France,50.71064,3.16168,land,,2021-09-22,,1,,1,0.01,0.01,0.00,,,,,,,,,,,,,,,,,,,,,,,,,,,,,,,,,,,,,,,,,,,,,,,,,,,,,,,,,,,
193441,"Tarn, France","Occitanie, France",France,43.43805,2.04492,land,,2021-09-26,"Garnier France",1,,1,1.46,0.00,0.00,,1,,1,1,,,2,,,,,,,,,,,,,,,1,,,,,,,,,,,,,,,,,,,1,,,,,,,,,,,,,,,,1,8
193453,"Bouches-du-Rhone, France","Provence-Alpes-Côte d'Azur, France",France,43.255,5.56307,land,,2021-09-26,"Garnier France",1,,1,0.06,0.01,0.00,,1,,,,,,,,3,,,,,,,,,,,,,,,,,,,,,,,,,,,,,,,,2,,,,,,,,,,,,,,,,,6
193458,"Pas-de-Calais, France","Hauts-de-France, France",France,50.32022,2.98633,land,,2021-09-26,,1,,1,0.41,0.02,0.00,,1,,,3,,,,,10,,,,,,,,,,,,,,,,,,,,,,,,,,,,,,,,1,,,,,,,,,,,,,,,,,17
193461,"Indre-et-Loire, France","Centre-Val de Loire, France",France,47.38787,0.72032,land,,2021-09-26,,1,,1,0.01,0.00,0.00,,,,,,,,,,,,,,,,,,,,,,,,,,,,,,,,,,,,,,,,,,,,,,,,,,,,,,,,,,,
193466,"Gironde, France","Nouvelle-Aquitaine, France",France,44.879,-0.5719,land,,2021-09-26,GARNIER,1,,1,9.58,0.03,0.00,,4,,7,10,4,,44,,50,,,1,2,2,30,4,2,2,,,,,,,,,,,,,,,,,,,,,,,10,,,,,,,,,,,,,13,,,100,303
193487,"Pas-de-Calais, France","Hauts-de-France, France",France,50.53828,2.69543,land,,2021-09-26,Garnier,1,,1,0.31,0.00,0.00,,1,,,2,,,,,8,,,,,1,1,,,,,,,,,,,,,2,,,,,,,,,,,,,3,,,,,,,,,,,,,,,,,18
193488,"Indre-et-Loire, France","Centre-Val de Loire, France",France,47.39525,0.71903,land,,2021-09-26,,1,,1,0.92,0.20,0.00,,,,1,2,3,,3,,1,,,,,,1,,,1,,,,,,,,,1,,,,,,,,,,,,,,1,,,,,,,,,,,,,1,,,3,19
193850,"Yvelines, France","Île-de-France, France",France,48.80929,2.14592,land,,2021-09-27,"Garnier France",1,,1,0.16,0.00,0.00,,,,,,,,,,12,,,,,,2,,,,,,,,,,,,,,,,,,,,,,,,,,2,,,,,,,,,,,,,,,,1,17
193951,"Meuse, France","Grand Est, France",France,49.28996,5.74796,land,,2021-09-24,"Garnier france",1,,1,0.31,0.07,0.00,,4,,,,,,4,,16,,,,,,,,1,,,,,,,,,,,,,,,,,,,,,,,,4,,,,,,,,,,,,,,,,1,31
193976,"Essonne, France","Île-de-France, France",France,48.71267,2.24176,land,,2021-09-24,,1,,1,0.01,0.02,0.00,,,,,,,,,,,,,,,,,,,,,,,,,,,,,,,,,,,,,,,,,,,,,,,,,,,,,,,,,,,
193984,"Loiret, France","Centre-Val de Loire, France",France,47.91363,1.91919,land,,2021-09-24,"Garnier France",1,,1,0.01,0.00,0.00,,,,,,,,,,,,,,,,,,,,,,,,,,,,,,,,,,,,,,,,,,,,,,,,,,,,,,,,,,,
194004,"Loire, France","Auvergne-Rhône-Alpes, France",France,45.57231,4.28991,land,,2021-09-24,,1,,1,1.17,0.00,0.00,,1,,1,2,,,1,,,,,,,,,,,,,,,,,,,,,,,,,,,,,,,,,,,,,,,,,,,,,,,,,,,6
194031,"Indre-et-Loire, France","Centre-Val de Loire, France",France,47.10616,0.57789,land,,2021-09-27,,2,,2,3.02,0.01,0.00,,2,,1,2,4,,,,1,,,,,1,1,,,,,,,2,,,,,,,,,,,,,,,,,,,2,,,,,,,,,,,,,,,,8,27
194249,"Nord, France","Hauts-de-France, France",France,50.39204,3.61966,land,,2021-09-23,,1,,1,3.94,1.11,0.00,,1,,,4,8,,,,28,,,,,2,10,,,,,,,2,,,,,,,,,,,,,,,,,,,12,,,,,,,,,,,,,6,,,1,74
194251,"Yvelines, France","Île-de-France, France",France,48.71518,1.89259,land,,2021-09-24,"GARNIER France",1,,1,0.09,0.01,0.00,,,,,1,1,,,,1,,,,,,1,,,,,,,,,,,,,,,,,,,,,,,,,,,,,,,,,,,,,,,,,,,4
194362,"Yvelines, France","Île-de-France, France",France,48.80929,2.14575,land,,2021-09-28,"Garnier France",1,,1,0.06,0.01,0.00,,,,,,,,,,4,,,,,,1,,,,,,,,,,,,,,,,,,,,,,,,,,1,,,,,,,,,,,,,,,,,6
194558,"Somme, France","Hauts-de-France, France",France,49.91612,2.96639,land,,2021-09-29,Garnier,1,,1,4.00,1.15,0.00,,,,1,9,14,9,,12,,,,,5,16,16,,,,,,,,,,,,,,,,,,,,,,,,,,4,,,,,,,,,,,,,,,,4,90
194575,"Yvelines, France","Île-de-France, France",France,48.80922,2.14582,land,,2021-09-29,"Garnier France",1,,1,0.17,0.01,0.00,,1,,,,1,,,,6,,,,,,1,,,,,,,,,,,,,,,,,,,,,,,,,,1,,,,,,,,,,,,,1,,,2,13
194669,"Indre-et-Loire, France","Centre-Val de Loire, France",France,47.39566,0.72118,land,,2021-09-26,,1,,1,0.01,1.35,0.00,,,,,,,,,,,,,,,,,,,,,,,,,,,,,,,,,,,,,,,,,,,,,,,,,,,,,,,,,,,
194942,"Bouches-du-Rhone, France","Provence-Alpes-Côte d'Azur, France",France,43.40253,5.201,land,,2021-09-30,Garnier,1,,1,5.72,0.02,0.00,,14,,,20,,3,5,,,,,3,1,,8,3,,6,,,,,,,,,,,,,,,,,,,,,,,5,,,,,,,,,,,,,,,,1,78
195047,"Val-d'Oise, France","Île-de-France, France",France,48.94833,2.20836,land,,2021-10-01,,1,,1,0.10,0.04,0.00,,1,,,,1,,,1,4,,,,,,1,,,,,,,,,,,,,,,,,,,,,,,,,,,,,,,,,,,,,,,,,,,8
195048,"Yvelines, France","Île-de-France, France",France,48.8092,2.14582,land,,2021-10-30,"Garnier France",1,,1,0.18,0.00,0.00,,,,,,,,,,9,,,,,,2,,,,,,,,,,,,1,,,,,,,,,,,,,,3,,,,,,,,,,,,,1,,,,16
195105,"Bouches-du-Rhone, France","Provence-Alpes-Côte d'Azur, France",France,43.41995,5.2051,land,,2021-10-01,Garnier,1,,1,0.12,0.00,0.00,,3,,,1,,,3,,1,,,,,,,,,,,,,,,,,,,,,,,,,,,,,,,,,,,,,,,,,,,,,,,,,8
195413,"Puy-de-Dome, France","Auvergne-Rhône-Alpes, France",France,45.92094,3.27366,land,,2021-10-02,Garnier,2,,2,0.16,0.01,0.00,,,,,1,,,,,6,,,,,,,,,,,,,,,,,,,,,,,,,,,,,,,,4,,,,,,,,,,,,,,,,3,14
195558,"Somme, France","Hauts-de-France, France",France,50.04298,2.12079,land,,2021-09-29,,1,,1,0.01,0.00,0.00,,,,,,,,,,,,,,,,,,,,,,,,,,,,,,,,,,,,,,,,,,,,,,,,,,,,,,,,,,,
196200,"Yvelines, France","Île-de-France, France",France,48.47939,1.84758,land,,2021-10-06,SPTK,12,,12,0.05,0.00,0.00,,,,,,,,,,2,,,,,,,,,,,,,,,,,,,4,,,,,,,,,,,,,,,,,,,,,,,,,,,,,,6
196310,"Corse-du-Sud, France","Corsica, France",France,41.80754,9.01255,land,,2021-09-30,,2,,2,0.98,0.00,0.00,,2,,,5,,,,,4,,,,,,,,,,,,,,,,,,,,,,,,,,1,,,,,,3,,,,,,,,,,,,,,,,2,18
196311,"Corse-du-Sud, France","Corsica, France",France,41.80751,9.01254,land,,2021-10-01,,2,,2,0.80,0.01,0.00,,2,,,4,,,3,,3,,,,,,,,,,,,,,,,,,,,,,,,,,1,,,,,,3,,,,,,,,,,,,,,,,,16
196312,"Corse-du-Sud, France","Corsica, France",France,41.80761,9.01266,land,,2021-10-03,"GARNIER France",2,,2,1.76,0.01,0.00,,4,,3,2,,1,3,,3,,,,,,,,,,,,,,,,,,,,,,,,,,,,,,,,2,,,,,,,,,,,,,,,,,18
201544,"Val-d'Oise, France","Île-de-France, France",France,49.0427,2.30138,land,,2021-10-16,,1,,1,0.23,0.00,0.00,,,,,,,,,,,,,,,1,1,,1,1,,,,,,,,,,,,,,,,,,,,,,,1,,,,,,,,,,,,,,,,,7
204015,"Hauts-de-Seine, France","Île-de-France, France",France,48.79211,2.31575,land,,2021-10-29,,1,,1,0.26,0.08,0.00,,,,,,,,,,2,,,,,,,,,,,,,,,,,,,,,,,,,,,,,,,,1,,,,,,,,,,,,,,,,,5
205564,"Hauts-de-Seine, France","Île-de-France, France",France,48.7920677,2.3159555,land,,2021-11-07,,1,,1,13.50,0.00,0.00,4,,,,,,,,,,,,,,,,,,,,,,,,,,,,,,,,,,,,,,,,,,,,,,,,,,,,,,,,,,
207042,"Finistere, France","Brittany, France",France,47.8723438,-3.9217768,land,,2021-11-17,,1,,1,3.00,0.00,0.00,2,,,,,,,,,,,,,,,,,,,,,,,,,,,,,,,,,,,,,,,,,,,,,,,,,,,,,,,,,,
208575,"Loir-et-Cher, France","Centre-Val de Loire, France",France,47.61638,1.51367,watercraft,,2021-11-25,,1,,1,0.01,0.01,0.00,,,,,,,,,,,,,,,,,,,,,,,,,,,,,,,,,,,,,,,,,,,,,,,,,,,,,,,,,,,
219536,"Seine-et-Marne, France","Île-de-France, France",France,48.83949,2.58817,land,,2022-01-25,,1,,1,0.55,0.00,0.00,,1,,1,,,,,,,,,1,,,,,,,,,,,,,,,,,,,,,,,,,,,,,,,,,,,,,,,,,,,,,,3
224409,"Gard, France","Occitanie, France",France,43.83402,4.32104,land,,2022-02-16,,1,,1,2.90,1.03,0.00,,2,,,1,,,,,3,,,,,,1,1,,,,,,3,,,,,1,,,,,,,,,,,,,,,,,,,,,,,,,,,,,,,14
225247,"Côtes-d'Armor, France","Brittany, France",France,48.62897,-2.21011,land,,2022-03-01,"Oracle GLAS",1,,1,0.27,0.00,0.00,,1,,,,3,,,,5,,,1,,,,,,,,,,,,,,,,,,,,,,,,,,,,,,,,,,,,,,,,,,,,,3,14
225372,"Ille-et-Vilaine, France","Brittany, France",France,48.65612,-2.01184,land,,2022-03-03,"Oracle GLAS",3,,3,0.86,0.00,0.00,,1,,,2,3,,3,,3,,,,1,,,,,,,,,,,,,,,,,,,,,,1,,,,,,4,,,,,,,,,,,,,,,,2,20
228135,"Alpes-Maritimes, France","Provence-Alpes-Côte d'Azur, France",France,43.60387,7.12399,land,,2022-04-06,Oracle,2,,2,0.21,0.00,0.00,,1,,,,,,1,,3,,,,,,,,,,,,,,,,,,,,,,,,,,,,,,,,,,,,,,,,,,,,,1,,,2,9
231456,"Haut-Rhin, France","Grand Est, France",France,47.57966357,7.54509268,underwater,,2022-05-12,,1,,1,40.71,0.00,0.00,,,,2,5,,3,,4,1,2,2,2,1,2,,,,,5,,,,,7,,,,,,,,,,,,,,1,,7,2,,,,,,,,,,,,,,,,,46
235548,"Corse-du-Sud, France","Corsica, France",France,42.348707,8.611792,watercraft,,2022-07-12,nav1,4,,4,0.75,0.00,0.00,,,,1,2,4,,,,,,,,,,,,,,,,,,,,,,,,,,,,,,,,,,,,,,,,,,,,,,,,,,,,,7
240640,"Gironde, France","Nouvelle-Aquitaine, France",France,44.8415412,-1.12818674,land,,2022-09-16,#garnier,1,,1,0.01,0.00,0.00,,,,,,,,,,,,,,,,,,,,,,,,,,,,,,,,,,,,,,,,,,,,,,,,,,,,,,,,,,,
244254,"Paris, France","Île-de-France, France",France,48.877002604655,2.3791660921224,land,,2022-09-18,"team Rose Garnier",20,,20,112.92,0.01,0.00,,12,567,58,45,148,16,33,4,3922,10,7,8,7,8,3,,1,2,,,,17,,2,29,1,7,,14,10,10,3,3,2,3,5,3,,31,3,75,,,2,,,,,,,,,,,,,,5071
245101,"Alpes-Maritimes, France","Provence-Alpes-Côte d'Azur, France",France,43.552847,7.017369,land,,2022-09-22,,1,,1,1.11,0.00,0.00,,,3,1,,,,,,,,,1,,,,,5,,,,,,,,,2,,,,,,,,,,,,,,,,,,2,,,,,,,,,,,,,,14
247171,"Côtes-d'Armor, France","Brittany, France",France,48.2012482,-2.9869513,land,,2022-09-27,"Skretting France",24,,24,34.00,0.00,0.00,4,,,,,,,,,,,,,,,,,,,,,,,,,,,,,,,,,,,,,,,,,,,,,,,,,,,,,,,,,,
247280,"Gironde, France","Nouvelle-Aquitaine, France",France,44.84176419,-1.1278352,land,,2022-09-27,#garnier,1,,1,34.08,0.00,0.00,,3,,1,4,,,2,10,,,,2,1,3,4,1,,,4,1,,1,,,,2,4,,,,,,,,,1,2,,1,,2,,,2,,,,,,,,,,,,,,51
248526,"Paris, France","Île-de-France, France",France,48.878789466392,2.3783507523539,land,,2022-09-18,"garnier team verte",20,,20,552.56,0.41,0.00,,12,3,7,17,46,26,22,12,379,61,21,6,23,28,48,2,4,2,2,,4,2,,1,8,4,7,1,8,6,,1,12,6,1,7,4,,3,1,6,,,1,,,,,,,,,,,,,,804
248532,"Hauts-de-Seine, France","Île-de-France, France",France,48.891238740322,2.2967026864786,land,,2022-10-13,"Garnier Team 3",15,,15,140.93,0.00,0.00,,56,58,49,79,99,96,76,85,639,96,11,79,110,68,98,77,25,141,,,,30,,,,8,,,3,,,,9,7,,,7,,,,31,,,,,,,,,,,,,,,,,2037
248533,"Hauts-de-Seine, France","Île-de-France, France",France,48.891236358739,2.2966961925889,land,,2022-10-13,"Garnier team 5",15,,15,22.71,0.00,0.00,,5,83,6,51,43,4,93,53,454,26,6,,8,43,42,6,21,6,,,,,,7,1,,,,2,1,,,3,34,1,4,36,,,,,,2,,,,,,,,,,,,,,,1041
250998,"Essonne, France","Île-de-France, France",France,48.708059107138,2.3874435130901,land,,2022-11-05,#garnierfrance,1,,1,1.03,0.86,0.00,,1,1,1,1,1,,1,,1,,,,,2,1,,,,,,,,,,,,,,,,,,1,,,,1,,1,,1,,,,,,,,,,,,,,,,,14
257060,"Landes, France","Nouvelle-Aquitaine, France",France,43.596932,-1.469359,land,,2023-01-10,Mrt,2,,2,7.50,0.00,0.00,1,,,,,,,,,,,,,,,,,,,,,,,,,,,,,,,,,,,,,,,,,,,,,,,,,,,,,,,,,,
265209,"Haut-Rhin, France","Grand Est, France",France,47.57986286,7.54509787,land,,2022-05-13,,1,,1,0.01,0.00,0.00,,,,,,,,,,,,,,,,,,,,,,,,,,,,,,,,,,,,,,,,,,,,,,,,,,,,,,,,,,,
265806,"Corse-du-Sud, France",,France,41.393803333333,9.09308,land,,2022-07-16,"nav2 Bonifacio",1,,1,0.01,6.12,0.00,,,,,,,,,,,,,,,,,,,,,,,,,,,,,,,,,,,,,,,,,,,,,,,,,,,,,,,,,,,
268066,"Paris, France","Île-de-France, France",France,48.877140911059,2.379108365529,land,,2022-09-18,"garnier team verte",20,,20,"1,042.58",0.00,0.00,,105,68,88,113,87,55,44,30,1239,7,67,18,29,10,85,30,3,4,,1,6,53,2,6,15,10,33,,16,3,8,,58,,,15,70,,8,,,,,28,,,,,,,,,,5,,,,2419
268714,"Hauts-de-Seine, France","Île-de-France, France",France,48.891247414368,2.2967136125289,land,,2022-10-13,"garnier team 4",15,,15,38.34,0.00,0.00,,3,4,21,29,19,8,19,5,257,18,14,8,13,14,16,5,8,1,,,,,,,3,2,7,,2,3,,,4,,,,,1,,,4,,,,,,,,,,,,,11,,,,499
268715,"Hauts-de-Seine, France","Île-de-France, France",France,48.893217,2.287864,land,,2022-10-13,"garnier team 1",15,,15,63.42,0.00,0.00,,4,54,5,27,31,51,13,10,843,38,3,2,15,22,62,10,7,2,2,,,12,,,6,,6,,,,1,2,7,,,10,15,,2,,7,1,,102,,,,,,,,,,4,,,,1376
269675,"Gironde, France","Nouvelle-Aquitaine, France",France,44.928139040455,-0.29832624307187,land,,2023-01-09,SHARKPEAKERS,1000,,1000,0.01,0.00,0.00,,,,,,,,,,,,,,,,,,,,,,,,,,,,,,,,,,,,,,,,,,,,,,,,,,,,,,,,,,,
269687,"Gironde, France","Nouvelle-Aquitaine, France",France,45.137545223016,-0.66263176412542,land,,2023-01-10,,1,,1,0.01,0.00,0.00,,,,,,,,,,,,,,,,,,,,,,,,,,,,,,,,,,,,,,,,,,,,,,,,,,,,,,,,,,,
274465,"Landes, France","Nouvelle-Aquitaine, France",France,43.70938195851,-1.4364712033434,land,,2023-04-16,,1,,1,41.37,0.00,0.00,,,6,,8,,2,2,8,,,1,,,,,,4,,4,5,,2,,,,3,3,,,,,,,1,,3,,,5,,,,,11,,,,,,,,,,,,,,68
279090,"Gironde, France","Nouvelle-Aquitaine, France",France,44.693085,0.059044,land,,2023-04-22,"My peak challenge",1,,1,0.01,0.00,0.00,,,,,,,,,,,,,,,,,,,,,,,,,,,,,,,,,,,,,,,,,,,,,,,,,,,,,,,,,,,
280969,"Ille-et-Vilaine, France","Brittany, France",France,48.36539693,-1.19295173,land,,2023-05-14,pitch35,1,,1,0.01,0.00,0.00,,,,,,,,,,,,,,,,,,,,,,,,,,,,,,,,,,,,,,,,,,,,,,,,,,,,,,,,,,,
281800,"Gironde, France","Nouvelle-Aquitaine, France",France,45.137617513723,-0.6625327873465,land,,2023-05-28,"my peak challenge",1,,1,1.64,0.00,0.00,,,2,2,3,3,3,4,3,,2,2,2,,1,2,,2,2,,,,,,,,,,,,,,,,,,,,,,,,,,,,,,,,,,,,,,,,33
281806,"Pyrénées-Atlantiques, France","Nouvelle-Aquitaine, France",France,43.50617,-1.5369133333333,land,,2023-05-28,"French Peakers",9,,9,378.37,0.00,0.00,,,176,1,53,4,,55,47,28,2,,,,,39,4,15,,40,71,,,,,,,,1,2,,,,,,,,,,3,,,,1,186,,,,,,,,,,,,,,728
281807,"Pyrénées-Atlantiques, France","Nouvelle-Aquitaine, France",France,43.501488333333,-1.541855,land,,2023-05-28,"French Peakers",1,,1,0.01,0.00,0.00,,,,,,,,,,,,,,,,,,,,,,,,,,,,,,,,,,,,,,,,,,,,,,,,,,,,,,,,,,,
285896,"Hauts-de-Seine, France","Île-de-France, France",France,48.872539404213,2.2395653279567,land,,2023-07-18,,1,,1,21.99,0.00,0.00,,1,1,,1,1,,,1,1,,1,1,,,,,,,,1,,,1,,,,,,,,,,,,,,,,,1,,,,,,,,,,,,,,,,,,11
298622,"Pyrénées-Orientales, France","Occitanie, France",France,42.769509495231,2.6530037052399,land,,2023-09-21,,1,,1,0.01,0.00,0.00,,,,,,,,,,,,,,,,,,,,,,,,,,,,,,,,,,,,,,,,,,,,,,,,,,,,,,,,,,,
300301,"Paris, France","Île-de-France, France",France,48.856614,2.3522219,land,freshwater,2023-10-02,"Thai Union Group PCL. (Thai Union Group Europe HQ)",23,,23,123.44,0.01,0.00,8,,,,,,,,,,,,,,,,,,,,,,,,,,,,,,,,,,,,,,,,,,,,,,,,,,,,,,,,,,
300302,"Finistere, France","Brittany, France",France,48.135178,-4.262284,land,,2023-10-02,"Thai Union Group PCL. (Thai Union France2)",8,,8,88.15,0.00,0.00,10,,,,,,,,,,,,,,,,,,,,,,,,,,,,,,,,,,,,,,,,,,,,,,,,,,,,,,,,,,
300303,"Finistere, France","Brittany, France",France,47.941244,-4.398621,land,,2023-10-02,"Thai Union Group PCL. (Thai Union France3)",18,,18,70.52,0.00,0.00,8,,,,,,,,,,,,,,,,,,,,,,,,,,,,,,,,,,,,,,,,,,,,,,,,,,,,,,,,,,
300304,"Finistere, France","Brittany, France",France,47.954963,-4.360672,land,,2023-10-02,"Thai Union Group PCL. (Thai Union France4)",11,,11,238.05,0.00,0.00,18,,,,,,,,,,,,,,,,,,,,,,,,,,,,,,,,,,,,,,,,,,,,,,,,,,,,,,,,,,
301289,"Indre, France","Centre-Val de Loire, France",France,46.767425369515,1.7161945905552,land,,2023-10-05,,1,,1,0.01,0.00,0.00,,,,,,,,,,,,,,,,,,,,,,,,,,,,,,,,,,,,,,,,,,,,,,,,,,,,,,,,,,,
301401,"Val-d'Oise, France","Île-de-France, France",France,49.027441,2.223507,land,,2023-10-10,MPC,1,,1,62.00,0.00,0.00,6,,,,,,,,,,,,,,,,,,,,,,,,,,,,,,,,,,,,,,,,,,,,,,,,,,,,,,,,,,
301402,"Pyrénées-Orientales, France","Occitanie, France",France,42.61783,3.004182,land,,2023-10-10,mpc,2,,2,0.01,0.00,0.00,,,,,,,,,,,,,,,,,,,,,,,,,,,,,,,,,,,,,,,,,,,,,,,,,,,,,,,,,,,
301455,"Yvelines, France","Île-de-France, France",France,48.993775329809,1.7277132494986,land,,2023-10-11,MPC,1,,1,0.01,0.00,0.00,,,,,,,,,,,,,,,,,,,,,,,,,,,,,,,,,,,,,,,,,,,,,,,,,,,,,,,,,,,
301500,"Moselle, France","Grand Est, France",France,49.1193089,6.1757156,land,,2023-10-07,"My peak challenge French peaker",1,,1,0.01,0.00,0.00,,,,,,,,,,,,,,,,,,,,,,,,,,,,,,,,,,,,,,,,,,,,,,,,,,,,,,,,,,,
301506,"Bas-Rhin, France","Grand Est, France",France,48.583998783321,7.7669812994661,land,,2023-10-11,MPC,1,,1,0.37,0.01,0.00,,,,,1,,,,,,,,,,,3,,,,,,,,,,,,,,,,1,,,,,1,,,,,,,,,,,,,,,,,,,,,,6
301508,"Savoie, France","Auvergne-Rhône-Alpes, France",France,45.702605733488,5.9199089196908,land,,2023-10-11,MPC,2,,2,2.00,0.00,0.00,1,,,,,,,,,,,,,,,,,,,,,,,,,,,,,,,,,,,,,,,,,,,,,,,,,,,,,,,,,,
301510,"Pyrénées-Atlantiques, France","Nouvelle-Aquitaine, France",France,43.4831519,-1.558626,land,,2023-10-11,mpc,1,,1,0.51,0.00,0.00,,1,,,,,3,,6,,2,,,,,,9,,,,,,,,,,,2,,,,,,1,,,2,,,3,,2,,2,,,,,,,,,,,,,,,33
301513,"Val-d'Oise, France","Île-de-France, France",France,49.027441,2.223507,land,,2023-10-11,MPC,1,,1,69.44,0.00,0.00,5,,,,,,,,,,,,,,,,,,,,,,,,,,,,,,,,,,,,,,,,,,,,,,,,,,,,,,,,,,
301523,"Creuse, France","Nouvelle-Aquitaine, France",France,46.227638,2.213749,land,,2023-10-11,MPC,1,,1,2.00,0.00,0.00,1,,,,,,,,,,,,,,,,,,,,,,,,,,,,,,,,,,,,,,,,,,,,,,,,,,,,,,,,,,
301613,"Bas-Rhin, France","Grand Est, France",France,48.584043378986,7.7669772348744,land,,2023-10-12,MPC,1,,1,1.18,0.00,0.00,,,1,,2,1,1,,,,,,,,,6,,1,,,,,,,,,,,,,,,,,,,,6,,,,,,,,,,,,,,,,,,,,,18
301649,"Creuse, France","Nouvelle-Aquitaine, France",France,46.227638,2.213749,land,,2023-10-12,MPC,1,,1,2.20,0.00,0.00,1,,,,,,,,,,,,,,,,,,,,,,,,,,,,,,,,,,,,,,,,,,,,,,,,,,,,,,,,,,
301662,"Pyrénées-Atlantiques, France","Nouvelle-Aquitaine, France",France,43.4831519,-1.558626,land,,2023-10-12,mpc,1,,1,21.17,0.00,0.00,,1,,,1,2,,,5,,,,,,,,,2,,3,,,,,,,,2,,,,,,,,,,,,2,,,,2,10,,,,,,,,,,,,,,30
301954,"Val-d'Oise, France","Île-de-France, France",France,49.042725508474,2.0861284534398,land,,2023-10-10,MPC,1,,1,0.01,0.00,0.00,,,,,,,,,,,,,,,,,,,,,,,,,,,,,,,,,,,,,,,,,,,,,,,,,,,,,,,,,,,
302261,"Alpes-Maritimes, France","Provence-Alpes-Côte d'Azur, France",France,43.703517225801,7.224539821035,land,,2023-10-11,MPC,1,,1,0.01,0.00,0.00,,,,,,,,,,,,,,,,,,,,,,,,,,,,,,,,,,,,,,,,,,,,,,,,,,,,,,,,,,,
302516,"Pyrénées-Atlantiques, France","Nouvelle-Aquitaine, France",France,43.4831519,-1.558626,land,,2023-10-12,mpc,1,,1,0.24,0.00,0.00,,,,,,,,,,,,,,,,,1,,,,,,,,,,,,,,,1,,,,,1,,,,,,,,,,,,,,,,,,,,,,3
302567,"Val-de-Marne, France","Île-de-France, France",France,48.796124,2.53507,land,inland,2023-10-17,MPC,3,,3,23.16,0.00,0.00,3,,,,,,,,,,,,,,,,,,,,,,,,,,,,,,,,,,,,,,,,,,,,,,,,,,,,,,,,,,
303771,"Alpes-Maritimes, France","Provence-Alpes-Côte d'Azur, France",France,43.673417,7.189811,land,inland,2023-10-28,MPC,1,,1,2.00,0.00,0.00,1,,,,,,,,,,,,,,,,,,,,,,,,,,,,,,,,,,,,,,,,,,,,,,,,,,,,,,,,,,
304170,"Moselle, France","Grand Est, France",France,48.758436510967,7.0676791875666,land,freshwater,2023-10-16,"Amcor Flexibles FR • Sarrebourg",12,6,18,"2,182.58",3.11,0.00,55,14,73,87,148,162,,63,21,22,,30,5,19,11,42,21,6,3,,,9,89,24,,,15,,,,,,,40,28,,101,,,,15,,,,1256,,,,,,,,,,,,,,2304
307193,"Nord, France","Hauts-de-France, France",France,51.050913,2.438462,land,inland,2023-11-30,persodk,1,,1,15.00,0.00,0.00,1,,,,,,,,,,,,,,,,,,,,,,,,,,,,,,,,,,,,,,,,,,,,,,,,,,,,,,,,,,
307492,"Nord, France","Hauts-de-France, France",France,51.048740482342,2.4187808089567,land,saltwater,2023-11-30,,1,,1,0.01,0.00,0.00,,,,,,,,,,,,,,,,,,,,,,,,,,,,,,,,,,,,,,,,,,,,,,,,,,,,,,,,,,,
324700,"Haute-Corse, France","Corsica, France",France,42.58035,8.724075,land,inland,2024-04-14,,1,,1,0.01,0.00,0.00,,,,,,,,,,,,,,,,,,,,,,,,,,,,,,,,,,,,,,,,,,,,,,,,,,,,,,,,,,,
324761,"Haute-Corse, France","Corsica, France",France,42.580256666667,8.72379,land,inland,2024-04-18,"milieu de plage",4,,4,276.32,0.08,0.00,,4,1,1,1,2,,1,66,,,,1,3,2,5,,4,,21,,,34,1,,,,12,,10,,,2,,3,19,23,2,,48,,,,,368,,,,,,,,,,,,,,634
325424,"Haute-Corse, France","Corsica, France",France,42.580166273453,8.723922090655,land,saltwater,2024-04-18,Corsica,1,,1,0.01,0.00,0.00,,,,,,,,,,,,,,,,,,,,,,,,,,,,,,,,,,,,,,,,,,,,,,,,,,,,,,,,,,,
325425,"Haute-Corse, France","Corsica, France",France,42.580047491938,8.72383704409,land,saltwater,2024-04-18,Corsica,4,,4,5.43,0.00,0.00,,,,,1,,,,1,,,,,,,1,,,,,,,2,,,,,,,,,,,,,,,,,,,,,,,,,,,,,,,,,,,,5
325426,"Haute-Corse, France","Corsica, France",France,42.57997154,8.7239908,land,saltwater,2024-04-18,,1,,1,0.11,0.00,0.00,,2,1,,,1,,1,1,1,1,1,1,,,,,,,,,,,,,,,,,,,,,,,,,,,,,,,,,,,,,,,,,,,,,,10
329406,"Hauts-de-Seine, France","Île-de-France, France",France,48.8226174,2.2680243,land,inland,2024-06-12,"Thai Union Group PCL.",25,,25,92.58,0.00,0.00,6,,,,,,,,,,,,,,,,,,,,,,,,,,,,,,,,,,,,,,,,,,,,,,,,,,,,,,,,,,
333146,"Finistere, France","Brittany, France",France,47.92579295,-4.2476715833333,land,,2024-07-11,"family Wouters Van Osselt",4,,4,0.01,0.00,0.00,,,,,,,,,,,,,,,,,,,,,,,,,,,,,,,,,,,,,,,,,,,,,,,,,,,,,,,,,,,
337849,"Gironde, France","Nouvelle-Aquitaine, France",France,44.8364195,-0.571558,land,saltwater,2024-09-19,cc,10,,10,0.01,0.00,0.00,,,,,,,,,,,,,,,,,,,,,,,,,,,,,,,,,,,,,,,,,,,,,,,,,,,,,,,,,,,
342066,"Finistere, France","Brittany, France",France,47.994389095091,-4.1061915004492,land,saltwater,2024-10-11,"Beach DR Birders South",2,,2,20.30,0.25,0.00,,,,,,,,,,2,,,,,,,,1,,20,,,,,,,,,,,,,,,,,,2,,,,,,,400,,,,,,,,,,,,,,425
342174,"Finistere, France","Brittany, France",France,47.994381835909,-4.1063020360054,land,saltwater,2024-10-12,"Beach DR Birders South",2,,2,2.20,1.00,0.00,,,,,,,,,,,,,,,,,,,,2,,,,,,2,,,,,,,,,,,,,,,,,,,200,,,,,,,,,,,,,,204
342195,"Hautes-Alpes, France","Provence-Alpes-Côte d'Azur, France",France,44.466016664014,5.4760900667362,land,inland,2024-10-13,,1,,1,0.01,0.00,0.00,,,,,,,,,,,,,,,,,,,,,,,,,,,,,,,,,,,,,,,,,,,,,,,,,,,,,,,,,,,
342265,"Finistere, France","Brittany, France",France,47.994381556058,-4.1063108242381,land,saltwater,2024-10-14,"Beach DR Birders South",2,,2,10.90,1.00,0.00,,,2,,2,2,1,,3,2,,,,,,2,1,,,10,,,,,,,,1,,,,,,,,1,,1,,,,,,,100,,,,,,,,,,,,,,128
356220,"Finistere, France","Brittany, France",France,48.369127581556,-4.76377637508,land,saltwater,2024-09-21,"Botquelen Arnaud (White Sand Beach)",1,,1,3.31,0.62,0.00,1,2,,,,,,,3,,,,,14,,,,1,,24,,,,,,,,,1,,,,,,,,,,,,,,,1,17,,,,,,,,,,,,,,63
365058,"Pyrénées-Atlantiques, France","Nouvelle-Aquitaine, France",France,43.37212,-1.785492,land,saltwater,2024-08-05,"Playa de Hendaye",1,,1,13.20,0.06,0.00,,,5,,1,,,,,1,,,,,1,2,,,,3,,,,,,,,1,1,,,,,,,,1,,,,,,,1,9,,,,,,,,,,,,,,26
365110,"Finistere, France","Brittany, France",France,48.68748514,-3.96134766,land,inland,2025-03-12,"Torrent de les Bruixes",5,,5,1.91,0.00,0.00,,,,3,1,,,,,,1,,,,,1,,,,,,,,,,,,,,,,,,,,,,2,,,,1,,,,,,,,,,,,,,,,,9
367305,"Haute-Corse, France","Corsica, France",France,42.567651,8.757222,land,saltwater,2025-04-23,ecoteam,20,,20,169.94,0.00,0.00,,3,9,1,5,,3,,154,1,,2,13,2,6,4,,7,2,44,,,24,,2,21,4,18,,9,,,6,2,2,2,374,31,,26,,2,1,1,21,,,,,,,,,,,,,,802
374978,"Corse-du-Sud, France","Corsica, France",France,42.0396042,9.0128926,underwater,saltwater,2025-08-09,,1,,1,2.00,0.00,0.00,1,,,,,,,,,,,,,,,,,,,,,,,,,,,,,,,,,,,,,,,,,,,,,,,,,,,,,,,,,,
374988,"Corse-du-Sud, France","Corsica, France",France,42.348707,8.611792,underwater,saltwater,2025-08-09,,1,,1,0.20,0.00,0.00,,1,4,,,,,,,,,,,,,,,,,,,,,,,,,,,,,,,,,,1,,,,,,,,7,,,,,,,,,,,,,,13
375409,"Var, France","Provence-Alpes-Côte d'Azur, France",France,43.0010171,6.2216678,underwater,saltwater,2025-08-18,,1,,1,2.00,0.00,0.00,1,,,,,,,,,,,,,,,,,,,,,,,,,,,,,,,,,,,,,,,,,,,,,,,,,,,,,,,,,,
375812,"Hérault, France","Occitanie, France",France,43.528906,3.933493,land,saltwater,2025-08-29,"Walk at the beach",1,,1,0.21,0.00,0.00,,,1,,1,,,,,,,,,,,,,,3,,,,,,,,,,,,,,,,,,,,1,,,,,,1,,,,,,,,,,,,,,7
376313,"Hérault, France","Occitanie, France",France,43.43380465,3.77703526,underwater,saltwater,2025-09-09,"scuba diving",1,,1,1.00,0.00,0.00,,,,,,,,,,,,,,,,,,,,1,,,,,,,,,,,,,,,,,,,,,,,,,,,,,,,,,,,,,,,1
385285,"Hérault, France","Occitanie, France",France,43.55259419,4.00705785,land,saltwater,2025-10-20,"Beach walk",1,,1,0.38,0.00,0.00,,,,,1,,,,,,,5,5,,1,,1,1,2,,,,,,,,,2,,,,,,,,,,,,,,,,,,,,,,,,,,,,,,,18
385286,"Hérault, France","Occitanie, France",France,43.55279139,4.00677341,land,saltwater,2025-10-20,"Beach walk",1,,1,5.06,0.00,0.00,,,1,,1,,,,,,4,2,4,,,1,,,,,,,,,1,,1,,,,,,,,,9,,,,,,,,,,,,,,,,,,,,,,,24
387787,"Hérault, France","Occitanie, France",France,43.43585064,3.76267656,land,saltwater,2025-11-22,"Project Rescue Séte Ocean",30,,30,85.98,0.00,0.00,12,,,,,,,,,,,,,,,,,,,,,,,,,,,,,,,,,,,,,,,,,,,,,,,,,,,,,,,,,,
389812,"Hérault, France","Occitanie, France",France,43.528906,3.933493,land,saltwater,2026-01-06,"On my own",1,,1,1.10,1.86,0.00,,1,2,,1,,,,5,,,,,1,,4,2,2,,,,,,,1,3,1,,,,,,,,3,,,1,,,,,,,19,,,,,,,,,,,,,,46
391647,"Hérault, France","Occitanie, France",France,43.55475096,4.00968977,land,saltwater,2026-02-03,"On my own",1,,1,6.83,1.43,0.00,,,,,,,,,6,,,,,,,,,,,,,,,,3,,9,,,,,,,,,7,,7,,,,,,,,,,,,,,,,,,,,,32
393181,"Rhône, France","Auvergne-Rhône-Alpes, France",France,45.734739334771,4.9175996700215,land,saltwater,2026-02-23,"Liberian Clean Ocean View",75,,75,86.10,0.01,0.00,,,,,,,7827,,,,,,,,,,,,,,,,,,,,,,,,,,,,,,,,,,,,,,,,,,,,,,,,,,,,7827
400240,"Hérault, France","Occitanie, France",France,43.43585256,3.74518125,land,saltwater,2026-03-28,"Journée Internationale ZERO DÉCHET",35,,35,27.34,0.12,0.00,,15,26,14,14,30,3,3,3,20,10,3,5,7,3,5,8,,,,,,,,26,23,22,21,1,,2,,6,7,5,,11,28,,,,4,,,40,,,,,,,,,,,,,,365
402211,"Ain, France","Auvergne-Rhône-Alpes, France",France,46.259570186072,6.096805139633,land,inland,2026-04-24,RCGA2026,2,,2,20.00,0.00,0.00,2,,,,,,,,,,,,,,,,,,,,,,,,,,,,,,,,,,,,,,,,,,,,,,,,,,,,,,,,,,
Totals:,,,,,,,,,,,,,,,,,643,1152,512,1182,1128,8270,781,790,13766,280,178,420,393,552,1069,309,262,307,185,79,19,444,92,56,111,84,277,90,66,83,21,20,147,91,143,560,218,3,133,27,903,2,10,2782,0,0,0,0,0,0,0,0,0,307,0,0,1118
